z_pos,x_pos,y_pos,time,flux,err_byte,,,,
0,0,0,1,120.8,1.722,,,1 s 50 points,first file
0.3,0,0,1.5,120.7,2.222,,,.5s 100 points,
0.6,0,0,2,120.4,2.722,,,.25 200,
0.9,0,0,2.5,119.7,3.222,,,.125 400,
1.2,0,0,3,119.5,3.722,,,.1 500,
1.5,0,0,3.5,118.9,4.223,,,.15 333,broke
1.8,0,0,4,118.8,4.723,,,,
2.1,0,0,4.5,117.8,5.223,,,,
2.4,0,0,5,117.9,5.723,,,,
2.7,0,0,5.5,117.8,6.223,,,,
3,0,0,6,117.5,6.724,,,,
3.3,0,0,6.5,118,7.223,,,,
3.6,0,0,7,118.5,7.723,,,,
3.9,0,0,7.5,119.4,8.222,,,,
4.2,0,0,8,119.5,8.723,,,,
4.5,0,0,8.5,120,9.223,,,,
4.8,0,0,9,120.3,9.723,,,,
5.1,0,0,9.5,121.8,10.223,,,,
5.4,0,0,10,121.7,10.724,,,,
5.7,0,0,10.5,122.2,11.225,,,,
6,0,0,11,123.2,11.725,,,,
6.3,0,0,11.5,124.9,12.225,,,,
6.6,0,0,12,125.2,12.726,,,,
6.9,0,0,12.5,126,13.226,,,,
7.2,0,0,13,125.9,13.727,,,,
7.5,0,0,13.5,126.9,14.228,,,,
7.8,0,0,14,127.6,14.728,,,,
8.1,0,0,14.5,128.6,15.227,,,,
8.4,0,0,15,129.2,15.728,,,,
8.7,0,0,15.5,130.5,16.229,,,,
9,0,0,16,130.8,16.729,,,,
9.3,0,0,16.5,132.3,17.228,,,,
9.6,0,0,17,132.3,17.727,,,,
9.9,0,0,17.5,131.6,18.227,,,,
10.2,0,0,18,131.6,18.727,,,,
10.5,0,0,18.5,132.5,19.226,,,,
10.8,0,0,19,133,19.727,,,,
11.1,0,0,19.5,134.8,20.225,,,,
11.4,0,0,20,135,20.724,,,,
11.7,0,0,20.5,136.5,21.223,,,,
12,0,0,21,137,21.723,,,,
12.3,0,0,21.5,137.5,22.225,,,,
12.6,0,0,22,137.8,22.726,,,,
12.9,0,0,22.5,138.8,23.227,,,,
13.2,0,0,23,139.8,23.726,,,,
13.5,0,0,23.5,141.1,24.226,,,,
13.8,0,0,24,141.3,24.727,,,,
14.1,0,0,24.5,141.9,25.226,,,,
14.4,0,0,25,142.3,25.727,,,,
14.7,0,0,25.5,143.9,26.227,,,,
15,0,0,26,144.4,26.727,,,,
15.3,0,0,26.5,143.4,27.226,,,,
15.6,0,0,27,143.7,27.727,,,,
15.9,0,0,27.5,144.1,28.227,,,,
16.2,0,0,28,144.3,28.726,,,,
16.5,0,0,28.5,146.8,29.226,,,,
16.8,0,0,29,147.9,29.726,,,,
17.1,0,0,29.5,149.9,30.226,,,,
17.4,0,0,30,149.5,30.724,,,,
17.7,0,0,30.5,149.8,31.224,,,,
18,0,0,31,149.7,31.723,,,,
18.3,0,0,31.5,150.2,32.223,,,,
18.6,0,0,32,150.5,32.723,,,,
18.9,0,0,32.5,151.5,33.224,,,,
19.2,0,0,33,151.7,33.724,,,,
19.5,0,0,33.5,152.5,34.223,,,,
19.8,0,0,34,153,34.723,,,,
20.1,0,0,34.5,154.3,35.223,,,,
20.4,0,0,35,155,35.723,,,,
20.7,0,0,35.5,157.9,36.223,,,,
21,0,0,36,158.4,36.722,,,,
21.3,0,0,36.5,160.3,37.222,,,,
21.6,0,0,37,161,37.721,,,,
21.9,0,0,37.5,162.7,38.221,,,,
22.2,0,0,38,163.1,38.72,,,,
22.5,0,0,38.5,165.7,39.219,,,,
22.8,0,0,39,165.9,39.719,,,,
23.1,0,0,39.5,166.3,40.218,,,,
23.4,0,0,40,166.8,40.719,,,,
23.7,0,0,40.5,168.2,41.219,,,,
24,0,0,41,168.7,41.719,,,,
24.3,0,0,41.5,170.5,42.219,,,,
24.6,0,0,42,171,42.719,,,,
24.9,0,0,42.5,171.4,43.217,,,,
25.2,0,0,43,171.8,43.716,,,,
25.5,0,0,43.5,172.8,44.215,,,,
25.8,0,0,44,173,44.715,,,,
26.1,0,0,44.5,172.7,45.213,,,,
26.4,0,0,45,172.6,45.714,,,,
26.7,0,0,45.5,171.9,46.214,,,,
27,0,0,46,171.9,46.714,,,,
27.3,0,0,46.5,172.2,47.213,,,,
27.6,0,0,47,172.4,47.714,,,,
27.9,0,0,47.5,170.8,48.216,,,,
28.2,0,0,48,170.9,48.716,,,,
28.5,0,0,48.5,170.9,49.217,,,,
28.8,0,0,49,170.6,49.715,,,,
29.1,0,0,49.5,170.2,50.216,,,,
29.4,0,0,50,170.7,50.716,,,,
29.7,0,0,50.5,170.2,51.217,*,,,
30,0,0,1,119.2,21.876,,,,
30.3,0,0,1.25,119.2,22.127,,,,
30.6,0,0,1.5,119.2,22.377,,,,
30.9,0,0,1.75,119.2,22.628,,,,
31.2,0,0,2,119.2,22.878,,,,
31.5,0,0,2.25,119.2,23.129,,,,
31.8,0,0,2.5,119.2,23.379,,,,
32.1,0,0,2.75,119.2,23.63,,,,
32.4,0,0,3,119.2,23.879,,,,
32.7,0,0,3.25,119.3,24.129,,,,
33,0,0,3.5,119.3,24.378,,,,
33.3,0,0,3.75,119.3,24.627,,,,
33.6,0,0,4,119.2,24.877,,,,
33.9,0,0,4.25,119.2,25.127,,,,
34.2,0,0,4.5,119.3,25.376,,,,
34.5,0,0,4.75,119.3,25.625,,,,
34.8,0,0,5,119.3,25.876,,,,
35.1,0,0,5.25,120.1,26.126,,,,
35.4,0,0,5.5,120.1,26.375,,,,
35.7,0,0,5.75,120.7,26.625,,,,
36,0,0,6,120.4,26.876,,,,
36.3,0,0,6.25,121.5,27.125,,,,
36.6,0,0,6.5,122.1,27.374,,,,
36.9,0,0,6.75,122.1,27.624,,,,
37.2,0,0,7,122.1,27.875,,,,
37.5,0,0,7.25,123,28.125,,,,
37.8,0,0,7.5,123.6,28.374,,,,
38.1,0,0,7.75,123.6,28.624,,,,
38.4,0,0,8,123.6,28.875,,,,
38.7,0,0,8.25,125,29.125,,,,
39,0,0,8.5,125,29.374,,,,
39.3,0,0,8.75,125.6,29.624,,,,
39.6,0,0,9,125.3,29.874,,,,
39.9,0,0,9.25,126.2,30.123,,,,
40.2,0,0,9.5,126.6,30.372,,,,
40.5,0,0,9.75,126.6,30.623,,,,
40.8,0,0,10,126.6,30.872,,,,
41.1,0,0,10.25,127.3,31.123,,,,
41.4,0,0,10.5,127.8,31.373,,,,
41.7,0,0,10.75,127.8,31.622,,,,
42,0,0,11,127.8,31.872,,,,
42.3,0,0,11.25,129.5,32.123,,,,
42.6,0,0,11.5,129.5,32.373,,,,
42.9,0,0,11.75,130,32.624,,,,
43.2,0,0,12,129.7,32.874,,,,
43.5,0,0,12.25,130.3,33.124,,,,
43.8,0,0,12.5,130.3,33.374,,,,
44.1,0,0,12.75,131,33.624,,,,
44.4,0,0,13,130.8,33.873,,,,
44.7,0,0,13.25,131.6,34.123,,,,
45,0,0,13.5,132.3,34.371,,,,
45.3,0,0,13.75,132.3,34.62,,,,
45.6,0,0,14,132.2,34.87,,,,
45.9,0,0,14.25,133.5,35.12,,,,
46.2,0,0,14.5,133.5,35.37,,,,
46.5,0,0,14.75,134.1,35.619,,,,
46.8,0,0,15,133.8,35.869,,,,
47.1,0,0,15.25,134.4,36.119,,,,
47.4,0,0,15.5,134.4,36.369,,,,
47.7,0,0,15.75,135.1,36.618,,,,
48,0,0,16,134.8,36.867,,,,
48.3,0,0,16.25,135.6,37.119,,,,
48.6,0,0,16.5,136.7,37.37,,,,
48.9,0,0,16.75,136.7,37.62,,,,
49.2,0,0,17,136.6,37.87,,,,
49.5,0,0,17.25,138,38.12,,,,
49.8,0,0,17.5,138,38.369,,,,
50.1,0,0,17.75,138.7,38.619,,,,
50.4,0,0,18,138.3,38.869,,,,
50.7,0,0,18.25,139.2,39.119,,,,
51,0,0,18.5,139.2,39.369,,,,
51.3,0,0,18.75,139.8,39.619,,,,
51.6,0,0,19,139.7,39.87,,,,
51.9,0,0,19.25,140.6,40.121,,,,
52.2,0,0,19.5,141.2,40.371,,,,
52.5,0,0,19.75,141.2,40.621,,,,
52.8,0,0,20,141.2,40.871,,,,
53.1,0,0,20.25,142,41.121,,,,
53.4,0,0,20.5,142.4,41.373,,,,
53.7,0,0,20.75,143.4,41.623,,,,
54,0,0,21,142.8,41.871,,,,
54.3,0,0,21.25,144.1,42.121,,,,
54.6,0,0,21.5,144.1,42.371,,,,
54.9,0,0,21.75,144.7,42.62,,,,
55.2,0,0,22,144.6,42.869,,,,
55.5,0,0,22.25,145.5,43.12,,,,
55.8,0,0,22.5,146.1,43.37,,,,
56.1,0,0,22.75,146.1,43.62,,,,
56.4,0,0,23,146.1,43.87,,,,
56.7,0,0,23.25,146.9,44.12,,,,
57,0,0,23.5,148,44.37,,,,
57.3,0,0,23.75,148.5,44.62,,,,
57.6,0,0,24,147.9,44.871,,,,
57.9,0,0,24.25,149.2,45.122,,,,
58.2,0,0,24.5,149.2,45.371,,,,
58.5,0,0,24.75,149.7,45.621,,,,
58.8,0,0,25,149.4,45.871,,,,
59.1,0,0,25.25,150.4,46.121,,,,
59.4,0,0,25.5,151,46.372,,,,
59.7,0,0,25.75,151,46.621,,,,
60,0,0,26,151.1,46.87,,,,
60.3,0,0,26.25,152,47.119,,,,
60.6,0,0,26.5,152.8,47.369,,,,
60.9,0,0,26.75,153.3,47.62,,,,
61.2,0,0,27,152.8,47.869,,,,
61.5,0,0,27.25,154,48.12,,,,
61.8,0,0,27.5,154,48.368,,,,
62.1,0,0,27.75,154.7,48.618,,,,
62.4,0,0,28,154.3,48.869,,,,
62.7,0,0,28.25,155.2,49.119,,,,
63,0,0,28.5,155.9,49.37,,,,
63.3,0,0,28.75,155.9,49.62,,,,
63.6,0,0,29,155.9,49.872,,,,
63.9,0,0,29.25,156.7,50.121,,,,
64.2,0,0,29.5,157.7,50.373,,,,
64.5,0,0,29.75,158.2,50.624,,,,
64.8,0,0,30,157.7,50.873,,,,
65.1,0,0,30.25,158.8,51.123,,,,
65.4,0,0,30.5,158.8,51.374,,,,
65.7,0,0,30.75,159.5,51.623,,,,
66,0,0,31,159.1,51.873,,,,
66.3,0,0,31.25,160.1,52.124,,,,
66.6,0,0,31.5,161.1,52.374,,,,
66.9,0,0,31.75,161.1,52.623,,,,
67.2,0,0,32,161.1,52.872,,,,
67.5,0,0,32.25,162.2,53.122,,,,
67.8,0,0,32.5,163.1,53.372,,,,
68.1,0,0,32.75,163.1,53.621,,,,
68.4,0,0,33,162.9,53.87,,,,
68.7,0,0,33.25,164.1,54.121,,,,
69,0,0,33.5,164.1,54.37,,,,
69.3,0,0,33.75,165,54.62,,,,
69.6,0,0,34,164.5,54.87,,,,
69.9,0,0,34.25,165.8,55.119,,,,
70.2,0,0,34.5,166.9,55.368,,,,
70.5,0,0,34.75,166.9,55.618,,,,
70.8,0,0,35,166.8,55.866,,,,
71.1,0,0,35.25,167.6,56.115,,,,
71.4,0,0,35.5,168.2,56.364,,,,
71.7,0,0,35.75,168.2,56.614,,,,
72,0,0,36,168.1,56.864,,,,
72.3,0,0,36.25,169.2,57.114,,,,
72.6,0,0,36.5,169.2,57.364,,,,
72.9,0,0,36.75,170.1,57.612,,,,
73.2,0,0,37,169.6,57.862,,,,
73.5,0,0,37.25,170.6,58.112,,,,
73.8,0,0,37.5,171.3,58.361,,,,
74.1,0,0,37.75,171.3,58.611,,,,
74.4,0,0,38,171.4,58.859,,,,
74.7,0,0,38.25,172.5,59.109,,,,
75,0,0,38.5,173.3,59.36,,,,
75.3,0,0,38.75,173.3,59.609,,,,
75.6,0,0,39,173.1,59.859,,,,
75.9,0,0,39.25,174.3,60.11,,,,
76.2,0,0,39.5,174.3,60.36,,,,
76.5,0,0,39.75,175,60.609,,,,
76.8,0,0,40,174.6,60.858,,,,
77.1,0,0,40.25,175.7,61.108,,,,
77.4,0,0,40.5,175.7,61.356,,,,
77.7,0,0,40.75,176.5,61.606,,,,
78,0,0,41,176.3,61.857,,,,
78.3,0,0,41.25,177.3,62.107,,,,
78.6,0,0,41.5,177.8,62.357,,,,
78.9,0,0,41.75,177.8,62.608,,,,
79.2,0,0,42,177.9,62.858,,,,
79.5,0,0,42.25,179.4,63.108,,,,
79.8,0,0,42.5,179.4,63.358,,,,
80.1,0,0,42.75,179.9,63.609,,,,
80.4,0,0,43,179.6,63.858,,,,
80.7,0,0,43.25,179.7,64.109,,,,
81,0,0,43.5,179.7,64.36,,,,
81.3,0,0,43.75,179.7,64.611,,,,
81.6,0,0,44,179.7,64.86,,,,
81.9,0,0,44.25,179.7,65.11,,,,
82.2,0,0,44.5,179.8,65.359,,,,
82.5,0,0,44.75,179.8,65.61,,,,
82.8,0,0,45,179.7,65.859,,,,
83.1,0,0,45.25,179.8,66.11,,,,
83.4,0,0,45.5,179.8,66.36,,,,
83.7,0,0,45.75,179.7,66.61,,,,
84,0,0,46,179.7,66.86,,,,
84.3,0,0,46.25,179.8,67.111,,,,
84.6,0,0,46.5,179.8,67.362,,,,
84.9,0,0,46.75,180.3,67.612,,,,
85.2,0,0,47,180,67.862,,,,
85.5,0,0,47.25,180.3,68.113,,,,
85.8,0,0,47.5,180.3,68.362,,,,
86.1,0,0,47.75,180.3,68.612,,,,
86.4,0,0,48,180.2,68.861,,,,
86.7,0,0,48.25,180.2,69.112,,,,
87,0,0,48.5,180.1,69.362,,,,
87.3,0,0,48.75,180.2,69.611,,,,
87.6,0,0,49,180.1,69.862,,,,
87.9,0,0,49.25,180,70.111,,,,
88.2,0,0,49.5,180,70.361,,,,
88.5,0,0,49.75,180.1,70.61,,,,
88.8,0,0,50,180,70.861,,,,
89.1,0,0,50.25,180.2,71.111,,,,
89.4,0,0,50.5,180.2,71.362,,,,
89.7,0,0,50.75,180.2,71.612,*,,,
90,0,0,1,116.9,3.886,,,,
90.3,0,0,1.25,116.9,4.011,,,,
90.6,0,0,1.375,116.9,4.207,,,,
90.9,0,0,1.5,117,4.333,,,,
91.2,0,0,1.625,117,4.458,,,,
91.5,0,0,1.75,117,4.583,,,,
91.8,0,0,1.875,117.2,4.71,,,,
92.1,0,0,2,117,4.841,,,,
92.4,0,0,2.25,117.2,4.967,,,,
92.7,0,0,2.375,117.3,5.194,,,,
93,0,0,2.5,117.3,5.341,,,,
93.3,0,0,2.625,117.3,5.466,,,,
93.6,0,0,2.75,117.1,5.592,,,,
93.9,0,0,2.875,117.1,5.716,,,,
94.2,0,0,3,117.2,5.84,,,,
94.5,0,0,3.25,117.1,5.963,,,,
94.8,0,0,3.375,117.1,6.201,,,,
95.1,0,0,3.5,117.1,6.327,,,,
95.4,0,0,3.625,117.3,6.452,,,,
95.7,0,0,3.75,117.3,6.576,,,,
96,0,0,3.875,117.3,6.709,,,,
96.3,0,0,4,117.2,6.833,,,,
96.6,0,0,4.25,117.3,6.959,,,,
96.9,0,0,4.375,117.3,7.194,,,,
97.2,0,0,4.5,117.9,7.325,,,,
97.5,0,0,4.625,117.9,7.455,,,,
97.8,0,0,4.75,117.9,7.579,,,,
98.1,0,0,4.875,118.6,7.704,,,,
98.4,0,0,5,117.9,7.829,,,,
98.7,0,0,5.25,118.6,7.954,,,,
99,0,0,5.375,119.1,8.206,,,,
99.3,0,0,5.5,119.1,8.332,,,,
99.6,0,0,5.625,119.1,8.457,,,,
99.9,0,0,5.75,119.4,8.582,,,,
100.2,0,0,5.875,119.4,8.706,,,,
100.5,0,0,6,119.1,8.831,,,,
100.8,0,0,6.25,120.3,8.957,,,,
101.1,0,0,6.375,120.3,9.195,,,,
101.4,0,0,6.5,120.3,9.327,,,,
101.7,0,0,6.625,121.1,9.457,,,,
102,0,0,6.75,121.1,9.582,,,,
102.3,0,0,6.875,121.1,9.714,,,,
102.6,0,0,7,120.7,9.838,,,,
102.9,0,0,7.25,121.7,9.961,,,,
103.2,0,0,7.375,121.7,10.201,,,,
103.5,0,0,7.5,122.2,10.326,,,,
103.8,0,0,7.625,122.2,10.451,,,,
104.1,0,0,7.75,122.2,10.576,,,,
104.4,0,0,7.875,122.2,10.706,,,,
104.7,0,0,8,122.1,10.839,,,,
105,0,0,8.25,122.7,10.965,,,,
105.3,0,0,8.375,123.4,11.199,,,,
105.6,0,0,8.5,123.4,11.337,,,,
105.9,0,0,8.625,123.4,11.462,,,,
106.2,0,0,8.75,123.4,11.587,,,,
106.5,0,0,8.875,123.8,11.713,,,,
106.8,0,0,9,123.4,11.839,,,,
107.1,0,0,9.25,124.5,11.965,,,,
107.4,0,0,9.375,124.5,12.214,,,,
107.7,0,0,9.5,124.5,12.34,,,,
108,0,0,9.625,125.1,12.464,,,,
108.3,0,0,9.75,125.1,12.588,,,,
108.6,0,0,9.875,125.1,12.712,,,,
108.9,0,0,10,124.8,12.838,,,,
109.2,0,0,10.25,125.8,12.965,,,,
109.5,0,0,10.375,125.8,13.2,,,,
109.8,0,0,10.5,126.2,13.326,,,,
110.1,0,0,10.625,126.2,13.456,,,,
110.4,0,0,10.75,126.2,13.581,,,,
110.7,0,0,10.875,126.2,13.705,,,,
111,0,0,11,126.1,13.834,,,,
111.3,0,0,11.25,126.9,13.959,,,,
111.6,0,0,11.375,127.5,14.204,,,,
111.9,0,0,11.5,127.5,14.337,,,,
112.2,0,0,11.625,127.5,14.461,,,,
112.5,0,0,11.75,127.5,14.586,,,,
112.8,0,0,11.875,128,14.711,,,,
113.1,0,0,12,127.5,14.836,,,,
113.4,0,0,12.25,128.9,14.962,,,,
113.7,0,0,12.375,128.9,15.189,,,,
114,0,0,12.5,128.9,15.323,,,,
114.3,0,0,12.625,128.9,15.452,,,,
114.6,0,0,12.75,129.3,15.576,,,,
114.9,0,0,12.875,129.3,15.71,,,,
115.2,0,0,13,129,15.834,,,,
115.5,0,0,13.25,129.7,15.96,,,,
115.8,0,0,13.375,129.7,16.2,,,,
116.1,0,0,13.5,129.7,16.333,,,,
116.4,0,0,13.625,130.4,16.458,,,,
116.7,0,0,13.75,130.4,16.583,,,,
117,0,0,13.875,130.4,16.708,,,,
117.3,0,0,14,130.2,16.832,,,,
117.6,0,0,14.25,131.1,16.96,,,,
117.9,0,0,14.375,131.4,17.196,,,,
118.2,0,0,14.5,131.4,17.322,,,,
118.5,0,0,14.625,131.4,17.45,,,,
118.8,0,0,14.75,131.4,17.575,,,,
119.1,0,0,14.875,132.5,17.709,,,,
119.4,0,0,15,131.6,17.833,,,,
119.7,0,0,15.25,133.3,17.958,,,,
120,0,0,15.375,133.3,18.216,,,,
120.3,0,0,15.5,133.3,18.341,,,,
120.6,0,0,15.625,133.3,18.467,,,,
120.9,0,0,15.75,134,18.591,,,,
121.2,0,0,15.875,134,18.716,,,,
121.5,0,0,16,133.6,18.841,,,,
121.8,0,0,16.25,134.7,18.967,,,,
122.1,0,0,16.375,134.7,19.187,,,,
122.4,0,0,16.5,134.7,19.322,,,,
122.7,0,0,16.625,135.3,19.454,,,,
123,0,0,16.75,135.3,19.58,,,,
123.3,0,0,16.875,135.3,19.714,,,,
123.6,0,0,17,135.1,19.859,,,,
123.9,0,0,17.25,136,19.984,,,,
124.2,0,0,17.375,136,20.193,,,,
124.5,0,0,17.5,136.7,20.33,,,,
124.8,0,0,17.625,136.7,20.455,,,,
125.1,0,0,17.75,136.7,20.58,,,,
125.4,0,0,17.875,137.3,20.706,,,,
125.7,0,0,18,136.6,20.832,,,,
126,0,0,18.25,137.3,20.973,,,,
126.3,0,0,18.375,138,21.184,,,,
126.6,0,0,18.5,138,21.322,,,,
126.9,0,0,18.625,138,21.456,,,,
127.2,0,0,18.75,138.5,21.582,,,,
127.5,0,0,18.875,138.5,21.707,,,,
127.8,0,0,19,138.1,21.833,,,,
128.1,0,0,19.25,139.2,21.958,,,,
128.4,0,0,19.375,139.2,22.201,,,,
128.7,0,0,19.5,139.2,22.334,,,,
129,0,0,19.625,140,22.461,,,,
129.3,0,0,19.75,140,22.586,,,,
129.6,0,0,19.875,140,22.711,,,,
129.9,0,0,20,139.7,22.836,,,,
130.2,0,0,20.25,140.9,22.96,,,,
130.5,0,0,20.375,140.9,23.205,,,,
130.8,0,0,20.5,141.4,23.331,,,,
131.1,0,0,20.625,141.4,23.458,,,,
131.4,0,0,20.75,141.4,23.583,,,,
131.7,0,0,20.875,141.9,23.708,,,,
132,0,0,21,141.4,23.833,,,,
132.3,0,0,21.25,141.9,23.957,,,,
132.6,0,0,21.375,142.5,24.192,,,,
132.9,0,0,21.5,142.5,24.327,,,,
133.2,0,0,21.625,142.5,24.456,,,,
133.5,0,0,21.75,143.2,24.582,,,,
133.8,0,0,21.875,143.2,24.707,,,,
134.1,0,0,22,142.7,24.832,,,,
134.4,0,0,22.25,143.8,24.96,,,,
134.7,0,0,22.375,143.8,25.202,,,,
135,0,0,22.5,143.8,25.326,,,,
135.3,0,0,22.625,144.6,25.453,,,,
135.6,0,0,22.75,144.6,25.577,,,,
135.9,0,0,22.875,144.6,25.703,,,,
136.2,0,0,23,144.2,25.833,,,,
136.5,0,0,23.25,145.1,25.96,,,,
136.8,0,0,23.375,145.1,26.198,,,,
137.1,0,0,23.5,146,26.338,,,,
137.4,0,0,23.625,146,26.463,,,,
137.7,0,0,23.75,146,26.587,,,,
138,0,0,23.875,146,26.712,,,,
138.3,0,0,24,145.8,26.837,,,,
138.6,0,0,24.25,146.6,26.962,,,,
138.9,0,0,24.375,147.2,27.211,,,,
139.2,0,0,24.5,147.2,27.346,,,,
139.5,0,0,24.625,147.2,27.469,,,,
139.8,0,0,24.75,147.2,27.595,,,,
140.1,0,0,24.875,148.1,27.721,,,,
140.4,0,0,25,147.3,27.846,,,,
140.7,0,0,25.25,148.6,27.972,,,,
141,0,0,25.375,148.6,28.196,,,,
141.3,0,0,25.5,148.6,28.325,,,,
141.6,0,0,25.75,149.4,28.547,,,,
141.9,0,0,25.875,149.4,28.699,,,,
142.2,0,0,26,149,28.823,,,,
142.5,0,0,26.25,150.1,28.959,,,,
142.8,0,0,26.375,150.1,29.196,,,,
143.1,0,0,26.5,151,29.34,,,,
143.4,0,0,26.625,151,29.465,,,,
143.7,0,0,26.75,151,29.591,,,,
144,0,0,26.875,151,29.717,,,,
144.3,0,0,27,150.8,29.843,,,,
144.6,0,0,27.25,151.7,29.968,,,,
144.9,0,0,27.375,152,30.191,,,,
145.2,0,0,27.5,152,30.32,,,,
145.5,0,0,27.625,152,30.455,,,,
145.8,0,0,27.75,152,30.579,,,,
146.1,0,0,27.875,152.8,30.708,,,,
146.4,0,0,28,152.1,30.833,,,,
146.7,0,0,28.25,153.6,30.959,,,,
147,0,0,28.375,153.6,31.2,,,,
147.3,0,0,28.5,153.6,31.339,,,,
147.6,0,0,28.625,153.6,31.464,,,,
147.9,0,0,28.75,154.3,31.588,,,,
148.2,0,0,28.875,154.3,31.713,,,,
148.5,0,0,29,153.9,31.838,,,,
148.8,0,0,29.25,155,31.962,,,,
149.1,0,0,29.375,155,32.203,,,,
149.4,0,0,29.5,155,32.329,,,,
149.7,0,0,29.625,155.6,32.455,,,,
150,0,0,29.75,155.6,32.58,,,,
150.3,0,0,29.875,155.6,32.726,,,,
150.6,0,0,30,155.4,32.851,,,,
150.9,0,0,30.25,156.6,32.977,,,,
151.2,0,0,30.375,157.4,33.197,,,,
151.5,0,0,30.5,157.4,33.332,,,,
151.8,0,0,30.625,157.4,33.457,,,,
152.1,0,0,30.75,157.4,33.583,,,,
152.4,0,0,30.875,157.7,33.708,,,,
152.7,0,0,31,157.3,33.833,,,,
153,0,0,31.25,158.6,33.958,,,,
153.3,0,0,31.375,158.6,34.194,,,,
153.6,0,0,31.5,158.6,34.327,,,,
153.9,0,0,31.625,158.6,34.452,,,,
154.2,0,0,31.75,159.3,34.578,,,,
154.5,0,0,31.875,159.3,34.709,,,,
154.8,0,0,32,158.9,34.836,,,,
155.1,0,0,32.25,160.2,34.961,,,,
155.4,0,0,32.375,160.2,35.245,,,,
155.7,0,0,32.5,160.2,35.37,,,,
156,0,0,32.625,161.1,35.495,,,,
156.3,0,0,32.75,161.1,35.619,,,,
156.6,0,0,32.875,161.1,35.744,,,,
156.9,0,0,33,160.8,35.869,,,,
157.2,0,0,33.25,162,36.01,,,,
157.5,0,0,33.375,162,36.189,,,,
157.8,0,0,33.5,163,36.338,,,,
158.1,0,0,33.625,163,36.47,,,,
158.4,0,0,33.75,163,36.597,,,,
158.7,0,0,33.875,163.5,36.722,,,,
159,0,0,34,162.8,36.848,,,,
159.3,0,0,34.25,163.5,36.974,,,,
159.6,0,0,34.375,164.5,37.206,,,,
159.9,0,0,34.5,164.5,37.331,,,,
160.2,0,0,34.625,164.5,37.458,,,,
160.5,0,0,34.75,165.4,37.582,,,,
160.8,0,0,34.875,165.4,37.709,,,,
161.1,0,0,35,164.7,37.834,,,,
161.4,0,0,35.25,166.1,37.961,,,,
161.7,0,0,35.375,166.1,38.208,,,,
162,0,0,35.5,166.1,38.332,,,,
162.3,0,0,35.625,167,38.456,,,,
162.6,0,0,35.75,167,38.581,,,,
162.9,0,0,35.875,167,38.708,,,,
163.2,0,0,36,166.7,38.832,,,,
163.5,0,0,36.25,167.6,38.958,,,,
163.8,0,0,36.375,167.6,39.193,,,,
164.1,0,0,36.5,168.6,39.335,,,,
164.4,0,0,36.625,168.6,39.46,,,,
164.7,0,0,36.75,168.6,39.586,,,,
165,0,0,36.875,169.2,39.71,,,,
165.3,0,0,37,168.4,39.835,,,,
165.6,0,0,37.25,169.2,39.96,,,,
165.9,0,0,37.375,170.1,40.201,,,,
166.2,0,0,37.5,170.1,40.326,,,,
166.5,0,0,37.625,170.1,40.451,,,,
166.8,0,0,37.75,170.9,40.575,,,,
167.1,0,0,37.875,170.9,40.703,,,,
167.4,0,0,38,170.3,40.843,,,,
167.7,0,0,38.25,171.7,40.967,,,,
168,0,0,38.375,171.7,41.195,,,,
168.3,0,0,38.5,171.7,41.329,,,,
168.6,0,0,38.625,172.6,41.456,,,,
168.9,0,0,38.75,172.6,41.581,,,,
169.2,0,0,38.875,172.6,41.706,,,,
169.5,0,0,39,172.2,41.83,,,,
169.8,0,0,39.25,173.3,41.956,,,,
170.1,0,0,39.375,173.3,42.202,,,,
170.4,0,0,39.5,174.3,42.326,,,,
170.7,0,0,39.625,174.3,42.458,,,,
171,0,0,39.75,174.3,42.584,,,,
171.3,0,0,39.875,174.3,42.707,,,,
171.6,0,0,40,174.1,42.837,,,,
171.9,0,0,40.25,175,42.969,,,,
172.2,0,0,40.375,175.7,43.193,,,,
172.5,0,0,40.5,175.7,43.34,,,,
172.8,0,0,40.625,175.7,43.472,,,,
173.1,0,0,40.75,176.7,43.597,,,,
173.4,0,0,40.875,176.7,43.721,,,,
173.7,0,0,41,176,43.847,,,,
174,0,0,41.25,177.4,43.973,,,,
174.3,0,0,41.375,177.4,44.2,,,,
174.6,0,0,41.5,177.4,44.333,,,,
174.9,0,0,41.625,178.1,44.459,,,,
175.2,0,0,41.75,178.1,44.588,,,,
175.5,0,0,41.875,178.1,44.714,,,,
175.8,0,0,42,177.8,44.838,,,,
176.1,0,0,42.25,178.9,44.963,,,,
176.4,0,0,42.375,178.9,45.192,,,,
176.7,0,0,42.5,179.3,45.324,,,,
177,0,0,42.625,179.3,45.452,,,,
177.3,0,0,42.75,179.3,45.584,,,,
177.6,0,0,42.875,179.3,45.712,,,,
177.9,0,0,43,179.2,45.837,,,,
178.2,0,0,43.25,179.4,45.963,,,,
178.5,0,0,43.375,179.3,46.202,,,,
178.8,0,0,43.5,179.3,46.333,,,,
179.1,0,0,43.625,179.3,46.458,,,,
179.4,0,0,43.75,179.3,46.584,,,,
179.7,0,0,43.875,179.2,46.709,,,,
180,0,0,44,179.2,46.833,,,,
180.3,0,0,44.25,179,46.96,,,,
180.6,0,0,44.375,179,47.191,,,,
180.9,0,0,44.5,179,47.331,,,,
181.2,0,0,44.625,179,47.463,,,,
181.5,0,0,44.75,178.9,47.588,,,,
181.8,0,0,44.875,178.9,47.714,,,,
182.1,0,0,45,178.9,47.839,,,,
182.4,0,0,45.25,179,47.964,,,,
182.7,0,0,45.375,179,48.196,,,,
183,0,0,45.5,178.8,48.327,,,,
183.3,0,0,45.625,178.8,48.452,,,,
183.6,0,0,45.75,178.8,48.576,,,,
183.9,0,0,45.875,178.8,48.701,,,,
184.2,0,0,46,178.8,48.828,,,,
184.5,0,0,46.25,178.8,48.957,,,,
184.8,0,0,46.375,178.9,49.19,,,,
185.1,0,0,46.5,178.9,49.324,,,,
185.4,0,0,46.625,178.9,49.452,,,,
185.7,0,0,46.75,178.9,49.582,,,,
186,0,0,46.875,178.9,49.706,,,,
186.3,0,0,47,178.8,49.834,,,,
186.6,0,0,47.25,178.9,49.958,,,,
186.9,0,0,47.375,178.9,50.202,,,,
187.2,0,0,47.5,178.9,50.333,,,,
187.5,0,0,47.625,178.9,50.462,,,,
187.8,0,0,47.75,179,50.587,,,,
188.1,0,0,47.875,179,50.714,,,,
188.4,0,0,48,178.9,50.839,,,,
188.7,0,0,48.25,179.1,50.963,,,,
189,0,0,48.375,179.1,51.187,,,,
189.3,0,0,48.5,179.1,51.334,,,,
189.6,0,0,48.625,179,51.459,,,,
189.9,0,0,48.75,179,51.588,,,,
190.2,0,0,48.875,179,51.715,,,,
190.5,0,0,49,179,51.84,,,,
190.8,0,0,49.25,179,51.965,,,,
191.1,0,0,49.375,179,52.195,,,,
191.4,0,0,49.5,179.1,52.332,,,,
191.7,0,0,49.625,179.1,52.462,,,,
192,0,0,49.75,179.1,52.587,,,,
192.3,0,0,49.875,179.1,52.712,,,,
192.6,0,0,50,179,52.838,,,,
192.9,0,0,50.25,179.1,52.963,,,,
193.2,0,0,50.375,179.2,53.204,,,,
193.5,0,0,50.5,179.2,53.33,,,,
193.8,0,0,50.625,179.2,53.46,,,,
194.1,0,0,50.75,178.9,53.587,,,,
194.4,0,0,50.875,178.9,53.712,,,,
194.7,0,0,51,179,53.837,,,,
195,0,0,51.25,178.8,53.962,,,,
195.3,0,0,51.375,178.8,54.207,,,,
195.6,0,0,51.5,178.8,54.336,,,,
195.9,0,0,51.625,178.8,54.462,,,,
196.2,0,0,51.75,178.8,54.588,,,,
196.5,0,0,51.875,178.8,54.713,,,,
196.8,0,0,52,178.8,54.839,,,,
197.1,0,0,52.25,178.8,54.964,,,,
197.4,0,0,52.375,178.8,55.203,,,,
197.7,0,0,52.5,178.8,55.327,,,,
198,0,0,52.625,178.8,55.453,,,,
198.3,0,0,52.75,178.8,55.589,,,,
198.6,0,0,52.875,178.7,55.713,,,,
198.9,0,0,53,178.7,55.846,,,,
199.2,0,0,53.25,178.7,55.97,,,,
199.5,0,0,53.375,178.8,56.192,,,,
199.8,0,0,53.5,178.8,56.331,,,,
200.1,0,0,53.625,178.8,56.459,,,,
200.4,0,0,53.75,178.8,56.586,,,,
200.7,0,0,53.875,178.8,56.719,,,,
201,0,0,54,178.7,56.844,,,,
201.3,0,0,54.25,178.6,56.969,,,,
201.6,0,0,54.375,178.6,57.2,,,,
201.9,0,0,54.5,178.6,57.326,,,,
202.2,0,0,54.625,178.7,57.456,,,,
202.5,0,0,54.75,178.7,57.58,,,,
202.8,0,0,54.875,178.7,57.709,,,,
203.1,0,0,55,178.6,57.844,,,,
203.4,0,0,55.25,178.7,57.969,,,,
203.7,0,0,55.375,178.7,58.202,,,,
204,0,0,55.5,178.7,58.33,,,,
204.3,0,0,55.625,178.7,58.455,,,,
204.6,0,0,55.75,178.7,58.593,,,,
204.9,0,0,55.875,178.7,58.717,,,,
205.2,0,0,56,178.7,58.843,,,,
205.5,0,0,56.25,178.7,58.967,,,,
205.8,0,0,56.375,178.7,59.201,,,,
206.1,0,0,56.5,178.7,59.338,,,,
206.4,0,0,56.625,178.7,59.463,,,,
206.7,0,0,56.75,178.6,59.59,,,,
207,0,0,56.875,178.6,59.715,,,,
207.3,0,0,57,178.6,59.841,,,,
207.6,0,0,57.25,178.5,59.965,,,,
207.9,0,0,57.375,178.5,60.19,,,,
208.2,0,0,57.5,178.5,60.32,,,,
208.5,0,0,57.625,178.7,60.452,,,,
208.8,0,0,57.75,178.7,60.583,,,,
209.1,0,0,57.875,178.7,60.707,,,,
209.4,0,0,58,178.6,60.833,,,,
209.7,0,0,58.25,178.8,60.959,*,,,
210,0,0,1,115.5,6.559,,,,
210.3,0,0,1.25,115.5,6.683,,,,
210.6,0,0,1.375,115.5,6.898,,,,
210.9,0,0,1.5,115.5,7.027,,,,
211.2,0,0,1.625,115.5,7.148,,,,
211.5,0,0,1.75,115.5,7.263,,,,
211.8,0,0,1.875,115.5,7.39,,,,
212.1,0,0,2,115.4,7.52,,,,
212.4,0,0,2.25,115.4,7.647,,,,
212.7,0,0,2.375,115.4,7.902,,,,
213,0,0,2.5,115.4,8.013,,,,
213.3,0,0,2.625,115.4,8.185,,,,
213.6,0,0,2.75,115.4,8.284,,,,
213.9,0,0,2.875,115.3,8.399,,,,
214.2,0,0,3,115.3,8.529,,,,
214.5,0,0,3.25,115.2,8.66,,,,
214.8,0,0,3.375,115.2,8.903,,,,
215.1,0,0,3.5,115.2,9.018,,,,
215.4,0,0,3.625,115.2,9.151,,,,
215.7,0,0,3.75,115.4,9.256,,,,
216,0,0,3.875,115.4,9.408,,,,
216.3,0,0,4,115.2,9.519,,,,
216.6,0,0,4.25,115.9,9.646,,,,
216.9,0,0,4.375,115.9,9.888,,,,
217.2,0,0,4.5,115.9,10.018,,,,
217.5,0,0,4.625,116.4,10.146,,,,
217.8,0,0,4.75,116.4,10.263,,,,
218.1,0,0,4.875,116.4,10.399,,,,
218.4,0,0,5,116.2,10.535,,,,
218.7,0,0,5.25,116.9,10.642,,,,
219,0,0,5.375,116.9,10.887,,,,
219.3,0,0,5.5,117.3,11.024,,,,
219.6,0,0,5.625,117.3,11.155,,,,
219.9,0,0,5.75,117.3,11.256,,,,
220.2,0,0,5.875,117.8,11.395,,,,
220.5,0,0,6,117.3,11.522,,,,
220.8,0,0,6.25,118.4,11.649,,,,
221.1,0,0,6.375,118.4,11.899,,,,
221.4,0,0,6.5,118.4,12.008,,,,
221.7,0,0,6.625,118.4,12.143,,,,
222,0,0,6.75,118.9,12.265,,,,
222.3,0,0,6.875,118.9,12.397,,,,
222.6,0,0,7,118.6,12.527,,,,
222.9,0,0,7.25,119.5,12.637,,,,
223.2,0,0,7.375,119.5,12.882,,,,
223.5,0,0,7.5,119.5,13.019,,,,
223.8,0,0,7.625,120.1,13.149,,,,
224.1,0,0,7.75,120.1,13.255,,,,
224.4,0,0,7.875,120.1,13.396,,,,
224.7,0,0,8,119.9,13.514,,,,
225,0,0,8.25,120.7,13.643,,,,
225.3,0,0,8.375,120.7,13.955,,,,
225.6,0,0,8.5,121.3,14.056,,,,
225.9,0,0,8.625,121.3,14.156,,,,
226.2,0,0,8.75,121.3,14.266,,,,
226.5,0,0,8.875,121.8,14.399,,,,
226.8,0,0,9,121.2,14.529,,,,
227.1,0,0,9.25,121.8,14.635,,,,
227.4,0,0,9.375,122.6,14.885,,,,
227.7,0,0,9.5,122.6,15.024,,,,
228,0,0,9.625,122.6,15.148,,,,
228.3,0,0,9.75,123.2,15.274,,,,
228.6,0,0,9.875,123.2,15.387,,,,
228.9,0,0,10,122.7,15.52,,,,
229.2,0,0,10.25,123.7,15.647,,,,
229.5,0,0,10.375,123.7,15.895,,,,
229.8,0,0,10.5,123.7,16.027,,,,
230.1,0,0,10.625,124.2,16.147,,,,
230.4,0,0,10.75,124.2,16.262,,,,
230.7,0,0,10.875,124.2,16.406,,,,
231,0,0,11,123.9,16.541,,,,
231.3,0,0,11.25,124.8,16.649,,,,
231.6,0,0,11.375,124.8,16.888,,,,
231.9,0,0,11.5,125.3,17.027,,,,
232.2,0,0,11.625,125.3,17.149,,,,
232.5,0,0,11.75,125.3,17.272,,,,
232.8,0,0,11.875,125.7,17.39,,,,
233.1,0,0,12,125.2,17.513,,,,
233.4,0,0,12.25,125.7,17.64,,,,
233.7,0,0,12.375,126.3,17.893,,,,
234,0,0,12.5,126.3,18.026,,,,
234.3,0,0,12.625,126.3,18.141,,,,
234.6,0,0,12.75,127,18.259,,,,
234.9,0,0,12.875,127,18.397,,,,
235.2,0,0,13,126.5,18.523,,,,
235.5,0,0,13.25,127.5,18.648,,,,
235.8,0,0,13.375,127.5,18.888,,,,
236.1,0,0,13.5,127.5,19.026,,,,
236.4,0,0,13.625,128.2,19.144,,,,
236.7,0,0,13.75,128.2,19.268,,,,
237,0,0,13.875,128.2,19.382,,,,
237.3,0,0,14,127.9,19.519,,,,
237.6,0,0,14.25,128.7,19.643,,,,
237.9,0,0,14.375,128.7,19.888,,,,
238.2,0,0,14.5,129.4,20.031,,,,
238.5,0,0,14.625,129.4,20.135,,,,
238.8,0,0,14.75,129.4,20.258,,,,
239.1,0,0,14.875,129.4,20.398,,,,
239.4,0,0,15,129.3,20.52,,,,
239.7,0,0,15.25,130.1,20.656,,,,
240,0,0,15.375,130.6,20.886,,,,
240.3,0,0,15.5,130.6,21.014,,,,
240.6,0,0,15.625,130.6,21.144,,,,
240.9,0,0,15.75,130.6,21.266,,,,
241.2,0,0,15.875,131.3,21.405,,,,
241.5,0,0,16,130.7,21.513,,,,
241.8,0,0,16.25,131.7,21.639,,,,
242.1,0,0,16.375,131.7,21.892,,,,
242.4,0,0,16.5,131.7,22.018,,,,
242.7,0,0,16.625,131.7,22.138,,,,
243,0,0,16.75,132.5,22.263,,,,
243.3,0,0,16.875,132.5,22.399,,,,
243.6,0,0,17,132,22.519,,,,
243.9,0,0,17.25,133.1,22.649,,,,
244.2,0,0,17.375,133.1,22.888,,,,
244.5,0,0,17.5,134,23.027,,,,
244.8,0,0,17.625,134,23.148,,,,
245.1,0,0,17.75,134,23.265,,,,
245.4,0,0,17.875,134,23.41,,,,
245.7,0,0,18,133.8,23.514,,,,
246,0,0,18.25,134.6,23.636,,,,
246.3,0,0,18.375,135.2,23.897,,,,
246.6,0,0,18.5,135.2,24.028,,,,
246.9,0,0,18.625,135.2,24.153,,,,
247.2,0,0,18.75,135.2,24.257,,,,
247.5,0,0,18.875,135.7,24.391,,,,
247.8,0,0,19,135.2,24.524,,,,
248.1,0,0,19.25,136.4,24.655,,,,
248.4,0,0,19.375,136.4,24.884,,,,
248.7,0,0,19.5,136.4,25.012,,,,
249,0,0,19.625,136.4,25.15,,,,
249.3,0,0,19.75,137.1,25.268,,,,
249.6,0,0,19.875,137.1,25.4,,,,
249.9,0,0,20,136.7,25.526,,,,
250.2,0,0,20.25,137.7,25.633,,,,
250.5,0,0,20.375,137.7,25.892,,,,
250.8,0,0,20.5,137.7,26.034,,,,
251.1,0,0,20.625,138.2,26.155,,,,
251.4,0,0,20.75,138.2,26.26,,,,
251.7,0,0,20.875,138.2,26.405,,,,
252,0,0,21,138,26.517,,,,
252.3,0,0,21.25,138.9,26.661,,,,
252.6,0,0,21.375,138.9,26.881,,,,
252.9,0,0,21.5,139.8,27.017,,,,
253.2,0,0,21.625,139.8,27.155,,,,
253.5,0,0,21.75,139.8,27.268,,,,
253.8,0,0,21.875,140.1,27.403,,,,
254.1,0,0,22,139.6,27.532,,,,
254.4,0,0,22.25,140.7,27.638,,,,
254.7,0,0,22.375,140.7,27.89,,,,
255,0,0,22.5,140.7,28.03,,,,
255.3,0,0,22.625,140.7,28.152,,,,
255.6,0,0,22.75,141.6,28.271,,,,
255.9,0,0,22.875,141.6,28.39,,,,
256.2,0,0,23,141,28.538,,,,
256.5,0,0,23.25,142.4,28.668,,,,
256.8,0,0,23.375,142.4,28.896,,,,
257.1,0,0,23.5,142.4,29.013,,,,
257.4,0,0,23.625,143,29.145,,,,
257.7,0,0,23.75,143,29.266,,,,
258,0,0,23.875,143,29.397,,,,
258.3,0,0,24,142.8,29.55,,,,
258.6,0,0,24.25,143.6,29.65,,,,
258.9,0,0,24.375,143.6,29.893,,,,
259.2,0,0,24.5,144.5,30.029,,,,
259.5,0,0,24.625,144.5,30.148,,,,
259.8,0,0,24.75,144.5,30.295,,,,
260.1,0,0,24.875,145.2,30.394,,,,
260.4,0,0,25,144.4,30.525,,,,
260.7,0,0,25.25,145.2,30.647,,,,
261,0,0,25.375,146,30.896,,,,
261.3,0,0,25.5,146,31.023,,,,
261.6,0,0,25.625,146,31.155,,,,
261.9,0,0,25.75,146.4,31.284,,,,
262.2,0,0,25.875,146.4,31.397,,,,
262.5,0,0,26,146,31.524,,,,
262.8,0,0,26.25,147,31.659,,,,
263.1,0,0,26.375,147,31.89,,,,
263.4,0,0,26.5,147,32.027,,,,
263.7,0,0,26.625,147.6,32.149,,,,
264,0,0,26.75,147.6,32.275,,,,
264.3,0,0,26.875,147.6,32.388,,,,
264.6,0,0,27,147.3,32.515,,,,
264.9,0,0,27.25,148.3,32.648,,,,
265.2,0,0,27.375,148.3,32.893,,,,
265.5,0,0,27.5,148.9,33.011,,,,
265.8,0,0,27.625,148.9,33.138,,,,
266.1,0,0,27.75,148.9,33.267,,,,
266.4,0,0,27.875,149.5,33.391,,,,
266.7,0,0,28,148.9,33.523,,,,
267,0,0,28.25,149.5,33.65,,,,
267.3,0,0,28.375,150.2,33.881,,,,
267.6,0,0,28.5,150.2,34.017,,,,
267.9,0,0,28.625,150.2,34.148,,,,
268.2,0,0,28.75,150.7,34.267,,,,
268.5,0,0,28.875,150.7,34.39,,,,
268.8,0,0,29,150.3,34.521,,,,
269.1,0,0,29.25,151.5,34.639,,,,
269.4,0,0,29.375,151.5,34.893,,,,
269.7,0,0,29.5,151.5,35.027,,,,
270,0,0,29.625,152.1,35.15,,,,
270.3,0,0,29.75,152.1,35.268,,,,
270.6,0,0,29.875,152.1,35.396,,,,
270.9,0,0,30,151.8,35.522,,,,
271.2,0,0,30.25,152.6,35.652,,,,
271.5,0,0,30.375,152.6,35.895,,,,
271.8,0,0,30.5,153.2,36.018,,,,
272.1,0,0,30.625,153.2,36.146,,,,
272.4,0,0,30.75,153.2,36.269,,,,
272.7,0,0,30.875,153.2,36.404,,,,
273,0,0,31,153.1,36.523,,,,
273.3,0,0,31.25,153.9,36.647,,,,
273.6,0,0,31.375,154.7,36.892,,,,
273.9,0,0,31.5,154.7,37.035,,,,
274.2,0,0,31.625,154.7,37.141,,,,
274.5,0,0,31.75,154.7,37.269,,,,
274.8,0,0,31.875,155.4,37.397,,,,
275.1,0,0,32,154.7,37.521,,,,
275.4,0,0,32.25,156.3,37.649,,,,
275.7,0,0,32.375,156.3,37.902,,,,
276,0,0,32.5,156.3,38.017,,,,
276.3,0,0,32.625,156.1,38.145,,,,
276.6,0,0,32.75,156.1,38.277,,,,
276.9,0,0,32.875,156.1,38.402,,,,
277.2,0,0,33,156.1,38.514,,,,
277.5,0,0,33.25,156.2,38.642,,,,
277.8,0,0,33.375,156.2,38.897,,,,
278.1,0,0,33.5,156.8,39.023,,,,
278.4,0,0,33.625,156.8,39.139,,,,
278.7,0,0,33.75,156.8,39.266,,,,
279,0,0,33.875,156.8,39.407,,,,
279.3,0,0,34,156.7,39.523,,,,
279.6,0,0,34.25,157.4,39.647,,,,
279.9,0,0,34.375,157.8,39.891,,,,
280.2,0,0,34.5,157.8,40.016,,,,
280.5,0,0,34.625,157.8,40.165,,,,
280.8,0,0,34.75,157.8,40.266,,,,
281.1,0,0,34.875,158.4,40.411,,,,
281.4,0,0,35,157.9,40.515,,,,
281.7,0,0,35.25,159.1,40.643,,,,
282,0,0,35.375,159.1,40.893,,,,
282.3,0,0,35.5,159.1,41.035,,,,
282.6,0,0,35.625,159.1,41.152,,,,
282.9,0,0,35.75,159.8,41.271,,,,
283.2,0,0,35.875,159.8,41.39,,,,
283.5,0,0,36,159.4,41.528,,,,
283.8,0,0,36.25,160,41.648,,,,
284.1,0,0,36.375,160,41.884,,,,
284.4,0,0,36.5,160,42.024,,,,
284.7,0,0,36.625,160.4,42.147,,,,
285,0,0,36.75,160.4,42.275,,,,
285.3,0,0,36.875,160.4,42.402,,,,
285.6,0,0,37,160.3,42.526,,,,
285.9,0,0,37.25,161,42.645,,,,
286.2,0,0,37.375,161,42.89,,,,
286.5,0,0,37.5,161.8,43.023,,,,
286.8,0,0,37.625,161.8,43.154,,,,
287.1,0,0,37.75,161.8,43.262,,,,
287.4,0,0,37.875,162.8,43.39,,,,
287.7,0,0,38,161.8,43.517,,,,
288,0,0,38.25,162.9,43.647,,,,
288.3,0,0,38.375,162.9,43.896,,,,
288.6,0,0,38.5,162.9,44.015,,,,
288.9,0,0,38.625,162.9,44.141,,,,
289.2,0,0,38.75,163.4,44.27,,,,
289.5,0,0,38.875,163.4,44.398,,,,
289.8,0,0,39,163.1,44.536,,,,
290.1,0,0,39.25,164,44.64,,,,
290.4,0,0,39.375,164,44.893,,,,
290.7,0,0,39.5,164,45.03,,,,
291,0,0,39.625,164.8,45.147,,,,
291.3,0,0,39.75,164.8,45.259,,,,
291.6,0,0,39.875,164.8,45.395,,,,
291.9,0,0,40,164.5,45.517,,,,
292.2,0,0,40.25,165.3,45.642,,,,
292.5,0,0,40.375,165.3,45.894,,,,
292.8,0,0,40.5,165.8,46.02,,,,
293.1,0,0,40.625,165.8,46.144,,,,
293.4,0,0,40.75,165.8,46.269,,,,
293.7,0,0,40.875,166.3,46.397,,,,
294,0,0,41,165.8,46.585,,,,
294.3,0,0,41.25,166.3,46.685,,,,
294.6,0,0,41.375,168.1,46.888,,,,
294.9,0,0,41.5,168.1,47.021,,,,
295.2,0,0,41.625,168.1,47.157,,,,
295.5,0,0,41.75,168.8,47.274,,,,
295.8,0,0,41.875,168.8,47.396,,,,
296.1,0,0,42,168.1,47.519,,,,
296.4,0,0,42.25,168.8,47.643,,,,
296.7,0,0,42.375,168.8,47.896,,,,
297,0,0,42.5,168.8,48.015,,,,
297.3,0,0,42.625,169,48.14,,,,
297.6,0,0,42.75,169,48.267,,,,
297.9,0,0,42.875,169,48.391,,,,
298.2,0,0,43,168.9,48.532,,,,
298.5,0,0,43.25,169,48.653,,,,
298.8,0,0,43.375,169,48.889,,,,
299.1,0,0,43.5,168.5,49.022,,,,
299.4,0,0,43.625,168.5,49.148,,,,
299.7,0,0,43.75,168.5,49.276,,,,
300,0,0,43.875,168.4,49.386,,,,
300.3,0,0,44,168.6,49.516,,,,
300.6,0,0,44.25,168.4,49.642,,,,
300.9,0,0,44.375,168.5,49.896,,,,
301.2,0,0,44.5,168.5,50.039,,,,
301.5,0,0,44.625,168.5,50.142,,,,
301.8,0,0,44.75,168.7,50.275,,,,
302.1,0,0,45,168.5,50.482,,,,
302.4,0,0,45.25,168.8,50.649,,,,
302.7,0,0,45.375,168.8,50.895,,,,
303,0,0,45.5,168.8,51.022,,,,
303.3,0,0,45.625,168.5,51.147,,,,
303.6,0,0,45.75,168.5,51.286,,,,
303.9,0,0,45.875,168.5,51.399,,,,
304.2,0,0,46,168.6,51.515,,,,
304.5,0,0,46.25,168.1,51.643,,,,
304.8,0,0,46.375,168.1,51.895,,,,
305.1,0,0,46.5,168.1,52.027,,,,
305.4,0,0,46.625,168.1,52.139,,,,
305.7,0,0,46.75,168.1,52.266,,,,
306,0,0,46.875,168.1,52.389,,,,
306.3,0,0,47,168.1,52.522,,,,
306.6,0,0,47.25,168.1,52.664,,,,
306.9,0,0,47.375,167.8,52.886,,,,
307.2,0,0,47.5,167.8,53.018,,,,
307.5,0,0,47.625,167.8,53.159,,,,
307.8,0,0,47.75,167.8,53.274,,,,
308.1,0,0,47.875,167.2,53.4,,,,
308.4,0,0,48,167.6,53.515,,,,
308.7,0,0,48.25,167,53.641,,,,
309,0,0,48.375,167,53.887,,,,
309.3,0,0,48.5,167,54.028,,,,
309.6,0,0,48.625,166.8,54.14,,,,
309.9,0,0,48.75,166.8,54.278,,,,
310.2,0,0,48.875,166.8,54.396,,,,
310.5,0,0,49,166.8,54.534,,,,
310.8,0,0,49.25,166.3,54.655,,,,
311.1,0,0,49.375,166.3,54.886,,,,
311.4,0,0,49.5,166.1,55.026,,,,
311.7,0,0,49.625,166.1,55.151,,,,
312,0,0,49.75,166.1,55.272,,,,
312.3,0,0,49.875,166.1,55.401,,,,
312.6,0,0,50,166.1,55.51,,,,
312.9,0,0,50.25,165.9,55.65,,,,
313.2,0,0,50.375,165.2,55.894,,,,
313.5,0,0,50.5,165.2,56.025,,,,
313.8,0,0,50.625,165.2,56.169,,,,
314.1,0,0,50.75,165.2,56.272,,,,
314.4,0,0,50.875,165.6,56.388,,,,
314.7,0,0,51,165.4,56.522,,,,
315,0,0,51.25,165,56.651,,,,
315.3,0,0,51.375,165,56.884,,,,
315.6,0,0,51.5,165,57.012,,,,
315.9,0,0,51.625,165,57.156,,,,
316.2,0,0,51.75,164.5,57.279,,,,
316.5,0,0,51.875,164.5,57.401,,,,
316.8,0,0,52,164.7,57.51,,,,
317.1,0,0,52.25,165,57.64,,,,
317.4,0,0,52.375,165,57.889,,,,
317.7,0,0,52.5,165,58.024,,,,
318,0,0,52.625,164.9,58.155,,,,
318.3,0,0,52.75,164.9,58.271,,,,
318.6,0,0,52.875,164.9,58.392,,,,
318.9,0,0,53,164.9,58.523,,,,
319.2,0,0,53.25,164.8,58.651,,,,
319.5,0,0,53.375,165.2,58.883,,,,
319.8,0,0,53.5,165.2,59.023,,,,
320.1,0,0,53.625,165.2,59.137,,,,
320.4,0,0,53.75,165.2,59.275,,,,
320.7,0,0,53.875,165.2,59.393,,,,
321,0,0,54,165.1,59.533,,,,
321.3,0,0,54.25,165.6,59.646,,,,
321.6,0,0,54.375,165.6,59.892,,,,
321.9,0,0,54.5,165.6,60.03,,,,
322.2,0,0,54.625,165.6,60.156,,,,
322.5,0,0,54.75,165.1,60.26,,,,
322.8,0,0,54.875,165.1,60.382,,,,
323.1,0,0,55,165.3,60.534,,,,
323.4,0,0,55.25,165.3,60.651,,,,
323.7,0,0,55.375,165.3,60.905,,,,
324,0,0,55.5,165.3,61.023,,,,
324.3,0,0,55.625,166,61.148,,,,
324.6,0,0,55.75,166,61.273,,,,
324.9,0,0,55.875,166,61.397,,,,
325.2,0,0,56,165.9,61.529,,,,
325.5,0,0,56.25,167.7,61.654,,,,
325.8,0,0,56.375,167.7,61.889,,,,
326.1,0,0,56.5,170.8,62.048,,,,
326.4,0,0,56.625,170.8,62.159,,,,
326.7,0,0,56.75,170.8,62.285,,,,
327,0,0,56.875,174.4,62.388,,,,
327.3,0,0,57,170.9,62.525,,,,
327.6,0,0,57.25,174.4,62.652,,,,
327.9,0,0,57.375,178.1,62.922,,,,
328.2,0,0,57.5,178.1,63.024,,,,
328.5,0,0,57.625,178.1,63.148,,,,
328.8,0,0,57.75,178.2,63.271,,,,
329.1,0,0,57.875,178.2,63.393,,,,
329.4,0,0,58,177.6,63.526,,,,
329.7,0,0,58.25,178.7,63.653,,,,
330,0,0,58.375,178.7,63.887,,,,
330.3,0,0,58.5,178.7,64.02,,,,
330.6,0,0,58.625,178.7,64.15,,,,
330.9,0,0,58.75,178.7,64.28,,,,
331.2,0,0,58.875,178.7,64.389,,,,
331.5,0,0,59,178.8,64.519,,,,
331.8,0,0,59.25,179.9,64.648,,,,
332.1,0,0,59.375,179.9,64.903,,,,
332.4,0,0,59.5,181.1,65.021,,,,
332.7,0,0,59.625,181.1,65.149,,,,
333,0,0,59.75,181.1,65.28,,,,
333.3,0,0,60,180.6,65.514,,,,
333.6,0,0,60.25,180.9,65.658,,,,
333.9,0,0,60.375,181.5,65.886,,,,
334.2,0,0,60.5,181.5,66.025,,,,
334.5,0,0,60.625,181.5,66.149,,,,
334.8,0,0,60.75,181.6,66.282,,,,
335.1,0,0,60.875,181.6,66.393,,,,
335.4,0,0,61,181.4,66.527,,,,
335.7,0,0,61.25,181.8,66.655,,,,
336,0,0,61.375,181.8,66.897,,,,
336.3,0,0,61.5,181.8,67.025,,,,
336.6,0,0,61.625,181.4,67.141,,,,
336.9,0,0,61.75,181.4,67.274,,,,
337.2,0,0,61.875,181.4,67.397,,,,
337.5,0,0,62,181.5,67.536,,,,
337.8,0,0,62.25,181.1,67.657,,,,
338.1,0,0,62.375,181.1,67.884,,,,
338.4,0,0,62.5,182.5,68.018,,,,
338.7,0,0,62.625,182.5,68.149,,,,
339,0,0,62.75,182.5,68.275,,,,
339.3,0,0,62.875,182.5,68.395,,,,
339.6,0,0,63,182,68.515,,,,
339.9,0,0,63.25,182.4,68.643,,,,
340.2,0,0,63.375,181.8,68.897,,,,
340.5,0,0,63.5,181.8,69.032,,,,
340.8,0,0,63.625,181.8,69.151,,,,
341.1,0,0,63.75,182.2,69.276,,,,
341.4,0,0,63.875,182.2,69.399,,,,
341.7,0,0,64,182,69.532,,,,
342,0,0,64.25,182.4,69.66,,,,
342.3,0,0,64.375,182.4,69.89,,,,
342.6,0,0,64.5,182.4,70.025,,,,
342.9,0,0,64.625,182.3,70.156,,,,
343.2,0,0,64.75,182.3,70.272,,,,
343.5,0,0,64.875,182.3,70.396,,,,
343.8,0,0,65,182.3,70.515,,,,
344.1,0,0,65.25,183.7,70.644,,,,
344.4,0,0,65.375,183.7,70.894,,,,
344.7,0,0,65.5,184.4,71.037,,,,
345,0,0,65.625,184.4,71.147,,,,
345.3,0,0,65.75,184.4,71.268,,,,
345.6,0,0,65.875,184.4,71.388,,,,
345.9,0,0,66,184.3,71.521,,,,
346.2,0,0,66.25,185.3,71.65,,,,
346.5,0,0,66.375,185.9,71.883,,,,
346.8,0,0,66.5,185.9,72.019,,,,
347.1,0,0,66.625,185.9,72.149,,,,
347.4,0,0,66.75,185.9,72.274,,,,
347.7,0,0,66.875,186.2,72.404,,,,
348,0,0,67,185.9,72.516,,,,
348.3,0,0,67.25,185.9,72.641,,,,
348.6,0,0,67.375,185.9,72.907,,,,
348.9,0,0,67.5,185.9,73.03,,,,
349.2,0,0,67.625,185.9,73.151,,,,
349.5,0,0,67.75,186.5,73.265,,,,
349.8,0,0,67.875,186.5,73.393,,,,
350.1,0,0,68,186.1,73.527,,,,
350.4,0,0,68.25,186.5,73.645,,,,
350.7,0,0,68.375,186.5,73.889,,,,
351,0,0,68.5,186.5,74.025,,,,
351.3,0,0,68.625,186.7,74.143,,,,
351.6,0,0,68.75,186.7,74.278,,,,
351.9,0,0,68.875,186.7,74.398,,,,
352.2,0,0,69,186.6,74.525,,,,
352.5,0,0,69.25,186.6,74.652,,,,
352.8,0,0,69.375,186.3,74.902,,,,
353.1,0,0,69.5,186.3,75.022,,,,
353.4,0,0,69.625,186.3,75.151,,,,
353.7,0,0,69.75,186.3,75.261,,,,
354,0,0,69.875,186,75.388,,,,
354.3,0,0,70,186.2,75.53,,,,
354.6,0,0,70.25,186.1,75.648,,,,
354.9,0,0,70.375,186.1,75.897,,,,
355.2,0,0,70.5,186.1,76.025,,,,
355.5,0,0,70.625,186.1,76.143,,,,
355.8,0,0,70.75,186,76.272,,,,
356.1,0,0,70.875,186,76.397,,,,
356.4,0,0,71,186,76.526,,,,
356.7,0,0,71.25,185.6,76.643,,,,
357,0,0,71.375,185.6,76.91,,,,
357.3,0,0,71.5,185.6,77.023,,,,
357.6,0,0,71.625,185.5,77.15,,,,
357.9,0,0,71.75,185.5,77.262,,,,
358.2,0,0,71.875,185.5,77.386,,,,
358.5,0,0,72,185.5,77.519,,,,
358.8,0,0,72.25,185.3,77.652,,,,
359.1,0,0,72.375,185.3,77.896,,,,
359.4,0,0,72.5,184.7,78.021,,,,
359.7,0,0,72.625,184.7,78.15,,,,
360,0,0,1,120.4,2.055,*,,,
360.3,0,0,1.25,120.4,2.205,,,,
360.6,0,0,1.375,120.5,2.356,,,,
360.9,0,0,1.5,120.5,2.508,,,,
361.2,0,0,1.625,120.5,2.659,,,,
361.5,0,0,1.875,120.5,2.807,,,,
361.8,0,0,2,120.4,2.963,,,,
362.1,0,0,2.25,120.3,3.113,,,,
362.4,0,0,2.375,120.3,3.34,,,,
362.7,0,0,2.5,120.3,3.49,,,,
363,0,0,2.625,120.3,3.639,,,,
363.3,0,0,2.75,120.3,3.789,,,,
363.6,0,0,3,120.3,3.939,,,,
363.9,0,0,3.25,120.5,4.096,,,,
364.2,0,0,3.375,120.5,4.338,,,,
364.5,0,0,3.5,120.5,4.488,,,,
364.8,0,0,3.625,120.5,4.638,,,,
365.1,0,0,3.75,120.5,4.788,,,,
365.4,0,0,4,120.5,4.938,,,,
365.7,0,0,4.25,120.8,5.092,,,,
366,0,0,4.375,121.3,5.344,,,,
366.3,0,0,4.5,121.3,5.493,,,,
366.6,0,0,4.625,121.3,5.643,,,,
366.9,0,0,4.75,121.3,5.793,,,,
367.2,0,0,5,121.3,5.944,,,,
367.5,0,0,5.25,122.7,6.102,,,,
367.8,0,0,5.375,122.7,6.33,,,,
368.1,0,0,5.5,122.7,6.482,,,,
368.4,0,0,5.625,122.7,6.632,,,,
368.7,0,0,5.75,123.2,6.783,,,,
369,0,0,6,122.8,6.933,,,,
369.3,0,0,6.25,123.9,7.087,,,,
369.6,0,0,6.375,123.9,7.341,,,,
369.9,0,0,6.5,123.9,7.489,,,,
370.2,0,0,6.625,124.5,7.64,,,,
370.5,0,0,6.75,124.5,7.79,,,,
370.8,0,0,7,124.3,7.94,,,,
371.1,0,0,7.25,125.2,8.096,,,,
371.4,0,0,7.375,125.8,8.354,,,,
371.7,0,0,7.5,125.8,8.503,,,,
372,0,0,7.625,125.8,8.654,,,,
372.3,0,0,7.75,125.8,8.803,,,,
372.6,0,0,8,125.7,8.953,,,,
372.9,0,0,8.25,127.2,9.104,,,,
373.2,0,0,8.375,127.2,9.342,,,,
373.5,0,0,8.5,127.2,9.492,,,,
373.8,0,0,8.625,127.2,9.642,,,,
374.1,0,0,8.75,127.7,9.791,,,,
374.4,0,0,9,127.3,9.941,,,,
374.7,0,0,9.25,128.1,10.101,,,,
375,0,0,9.375,128.1,10.347,,,,
375.3,0,0,9.5,128.1,10.498,,,,
375.6,0,0,9.625,128.8,10.649,,,,
375.9,0,0,9.75,128.8,10.798,,,,
376.2,0,0,10,128.5,10.949,,,,
376.5,0,0,10.25,129.6,11.104,,,,
376.8,0,0,10.375,129.6,11.338,,,,
377.1,0,0,10.5,130,11.488,,,,
377.4,0,0,10.625,130,11.638,,,,
377.7,0,0,10.75,130,11.788,,,,
378,0,0,11,130,11.938,,,,
378.3,0,0,11.25,130.9,12.096,,,,
378.6,0,0,11.375,131.5,12.345,,,,
378.9,0,0,11.5,131.5,12.495,,,,
379.2,0,0,11.625,131.5,12.643,,,,
379.5,0,0,11.75,132.3,12.795,,,,
379.8,0,0,12,131.6,12.944,,,,
380.1,0,0,12.25,132.8,13.109,,,,
380.4,0,0,12.375,132.8,13.349,,,,
380.7,0,0,12.5,132.8,13.499,,,,
381,0,0,12.625,133.3,13.649,,,,
381.3,0,0,12.75,133.3,13.8,,,,
381.6,0,0,13,133.1,13.949,,,,
381.9,0,0,13.25,133.9,14.099,,,,
382.2,0,0,13.375,133.9,14.348,,,,
382.5,0,0,13.5,134.7,14.497,,,,
382.8,0,0,13.625,134.7,14.649,,,,
383.1,0,0,13.75,134.7,14.798,,,,
383.4,0,0,14,134.5,14.948,,,,
383.7,0,0,14.25,135.2,15.1,,,,
384,0,0,14.375,135.8,15.354,,,,
384.3,0,0,14.5,135.8,15.504,,,,
384.6,0,0,14.625,135.8,15.653,,,,
384.9,0,0,14.75,136.7,15.803,,,,
385.2,0,0,15,136,15.952,,,,
385.5,0,0,15.25,137.5,16.107,,,,
385.8,0,0,15.375,137.5,16.34,,,,
386.1,0,0,15.5,137.5,16.49,,,,
386.4,0,0,15.625,138,16.64,,,,
386.7,0,0,15.75,138,16.789,,,,
387,0,0,16,137.7,16.939,,,,
387.3,0,0,16.25,138.8,17.111,,,,
387.6,0,0,16.375,138.8,17.338,,,,
387.9,0,0,16.5,139.4,17.488,,,,
388.2,0,0,16.625,139.4,17.637,,,,
388.5,0,0,16.75,139.4,17.787,,,,
388.8,0,0,17,139.3,17.936,,,,
389.1,0,0,17.25,140,18.092,,,,
389.4,0,0,17.375,140.5,18.36,,,,
389.7,0,0,17.5,140.5,18.51,,,,
390,0,0,17.625,140.5,18.661,,,,
390.3,0,0,17.875,141.2,18.81,,,,
390.6,0,0,18,140.6,18.973,,,,
390.9,0,0,18.25,141.9,19.125,,,,
391.2,0,0,18.375,141.9,19.331,,,,
391.5,0,0,18.5,141.9,19.481,,,,
391.8,0,0,18.625,142.3,19.631,,,,
392.1,0,0,18.75,142.3,19.781,,,,
392.4,0,0,18.875,142.3,19.931,,,,
392.7,0,0,19,142.2,20.081,,,,
393,0,0,19.25,143,20.231,,,,
393.3,0,0,19.375,143.7,20.475,,,,
393.6,0,0,19.5,143.7,20.625,,,,
393.9,0,0,19.625,143.7,20.774,,,,
394.2,0,0,19.75,143.7,20.923,,,,
394.5,0,0,20,143.7,21.073,,,,
394.8,0,0,20.25,144.9,21.227,,,,
395.1,0,0,20.375,144.9,21.477,,,,
395.4,0,0,20.5,144.9,21.626,,,,
395.7,0,0,20.625,144.9,21.774,,,,
396,0,0,20.75,145.5,21.923,,,,
396.3,0,0,21,145.1,22.074,,,,
396.6,0,0,21.25,146.5,22.224,,,,
396.9,0,0,21.375,146.5,22.476,,,,
397.2,0,0,21.5,146.8,22.625,,,,
397.5,0,0,21.625,146.8,22.774,,,,
397.8,0,0,21.75,146.8,22.924,,,,
398.1,0,0,22,146.8,23.075,,,,
398.4,0,0,22.25,147.5,23.232,,,,
398.7,0,0,22.375,148.1,23.467,,,,
399,0,0,22.5,148.1,23.618,,,,
399.3,0,0,22.625,148.1,23.769,,,,
399.6,0,0,22.75,148.1,23.918,,,,
399.9,0,0,23,148.1,24.07,,,,
400.2,0,0,23.25,149.4,24.221,,,,
400.5,0,0,23.375,149.4,24.469,,,,
400.8,0,0,23.5,149.4,24.619,,,,
401.1,0,0,23.625,149.4,24.768,,,,
401.4,0,0,23.75,150.2,24.92,,,,
401.7,0,0,24,149.6,25.069,,,,
402,0,0,24.25,150.8,25.231,,,,
402.3,0,0,24.375,150.8,25.465,,,,
402.6,0,0,24.5,150.8,25.615,,,,
402.9,0,0,24.625,151.5,25.765,,,,
403.2,0,0,24.75,151.5,25.915,,,,
403.5,0,0,25,151.2,26.064,,,,
403.8,0,0,25.25,152.3,26.216,,,,
404.1,0,0,25.375,152.3,26.465,,,,
404.4,0,0,25.5,153.1,26.615,,,,
404.7,0,0,25.625,153.1,26.765,,,,
405,0,0,25.75,153.1,26.914,,,,
405.3,0,0,26,152.9,27.063,,,,
405.6,0,0,26.25,154.6,27.221,,,,
405.9,0,0,26.375,154.6,27.455,,,,
406.2,0,0,26.5,154.6,27.606,,,,
406.5,0,0,26.625,154.6,27.756,,,,
406.8,0,0,26.75,155,27.904,,,,
407.1,0,0,26.875,155,28.055,,,,
407.4,0,0,27,154.8,28.205,,,,
407.7,0,0,27.25,155.6,28.354,,,,
408,0,0,27.375,155.6,28.602,,,,
408.3,0,0,27.5,156,28.754,,,,
408.6,0,0,27.625,156,28.904,,,,
408.9,0,0,27.75,156,29.053,,,,
409.2,0,0,28,156,29.203,,,,
409.5,0,0,28.25,156.8,29.353,,,,
409.8,0,0,28.375,157.4,29.59,,,,
410.1,0,0,28.5,157.4,29.741,,,,
410.4,0,0,28.625,157.4,29.892,,,,
410.7,0,0,28.75,158.1,30.041,,,,
411,0,0,29,157.5,30.192,,,,
411.3,0,0,29.25,159.2,30.343,,,,
411.6,0,0,29.375,159.2,30.605,,,,
411.9,0,0,29.5,159.2,30.755,,,,
412.2,0,0,29.625,159.9,30.907,,,,
412.5,0,0,0,0,31.057,,,,
412.8,0,0,0,0,41.183,,,,
413.1,0,0,0,0,54.05,,,,
413.4,0,0,0,0,55.045,,,,
413.7,0,0,0,0,56.164,,,,
414,0,0,0,0,58.292,,,,
414.3,0,0,0,0,58.485,,,,
414.6,0,0,0,0,58.639,,,,
414.9,0,0,0,0,58.789,,,,
415.2,0,0,0,0,58.938,,,,
415.5,0,0,0,0,59.088,,,,
415.8,0,0,0,0,59.236,,,,
416.1,0,0,0,0,59.388,,,,
416.4,0,0,0,0,59.618,,,,
416.7,0,0,0,0,59.892,,,,
417,0,0,0,0,60.059,,,,
417.3,0,0,0,0,60.22,,,,
417.6,0,0,0,0,62.02,,,,
417.9,0,0,0,0,62.618,,,,
418.2,0,0,0,0,66.48,,,,
418.5,0,0,0,0,67.074,,,,
418.8,0,0,0,0,67.519,,,,
419.1,0,0,0,0,68.109,,,,
419.4,0,0,0,0,68.484,,,,
419.7,0,0,0,0,68.887,,,,
420,0,0,0,0,69.313,,,,
420.3,0,0,0,0,69.725,,,,
420.6,0,0,0,0,70.103,,,,
420.9,0,0,0,0,70.518,,,,
421.2,0,0,0,0,70.909,,,,
421.5,0,0,0,0,71.323,,,,
421.8,0,0,0,0,71.74,,,,
422.1,0,0,0,0,72.215,,,,
422.4,0,0,0,0,72.786,,,,
422.7,0,0,0,0,73.176,,,,
423,0,0,0,0,73.596,,,,
423.3,0,0,0,0,74.024,,,,
423.6,0,0,0,0,74.412,,,,
423.9,0,0,0,0,74.827,,,,
424.2,0,0,0,0,75.264,,,,
424.5,0,0,0,0,75.644,,,,
424.8,0,0,0,0,75.946,,,,
425.1,0,0,0,0,76.138,,,,
425.4,0,0,0,0,76.288,,,,
425.7,0,0,0,0,77.314,,,,
426,0,0,0,0,77.61,,,,
426.3,0,0,0,0,77.915,,,,
426.6,0,0,0,0,78.237,,,,
426.9,0,0,0,0,78.558,,,,
427.2,0,0,0,0,78.864,,,,
427.5,0,0,0,0,79.168,,,,
427.8,0,0,0,0,79.495,,,,
428.1,0,0,0,0,79.818,,,,
428.4,0,0,0,0,80.131,,,,
428.7,0,0,0,0,80.441,,,,